Fetched Time,Keyword,Title,Link,Date
2025-05-14 15:21:55,sustainable construction materials,Construmat Showcases the Transformation of Construction Towards Sustainability,https://www.prnewswire.co.uk/news-releases/construmat-showcases-the-transformation-of-construction-towards-sustainability-302454436.html,22 นาทีที่ผ่านมา
2025-05-14 15:21:55,sustainable construction materials,Millions of Recycled Bricks Set to Enter Production Following Industry Certification,https://www.sustainabletimes.co.uk/post/millions-of-recycled-bricks-set-to-enter-production-following-industry-certification,2 ชั่วโมงที่ผ่านมา
2025-05-14 15:21:55,sustainable construction materials,Coromandel International and Sakarni Plaster Establish Joint Venture for Sustainable Building Materials,https://www.goodreturns.in/news/coromandel-international-joint-venture-sakarni-plaster-011-1428949.html,17 ชั่วโมงที่ผ่านมา
2025-05-14 15:21:55,sustainable construction materials,Expo 2025 Osaka: Italy Pavilion most sustainable for construction material,https://www.ansa.it/english/news/general_news/2025/05/13/italy-pavilion-most-sustainable-for-construction-material_fa071531-9eba-43a9-bdf5-cbd3cc779fb1.html,20 ชั่วโมงที่ผ่านมา
2025-05-14 15:21:55,sustainable construction materials,Scientists Are Turning Human Urine Into a Sustainable Building Material,https://www.onegreenplanet.org/news/scientists-are-turning-human-urine-into-a-sustainable-building-material/,20 ชั่วโมงที่ผ่านมา
2025-05-14 15:21:55,sustainable construction materials,ECC Contracting builds sustainable prototype home in Dubai using DesertBoard’s PSB,https://gulfnews.com/gn-focus/ecc-contracting-builds-sustainable-prototype-home-in-dubai-using-desertboards-psb-1.500125621,21 ชั่วโมงที่ผ่านมา
2025-05-14 15:21:55,sustainable construction materials,Sarawak embraces circular construction to drive green future,https://www.theborneopost.com/2025/05/13/sarawak-embraces-circular-construction-to-drive-green-future/,21 ชั่วโมงที่ผ่านมา
2025-05-14 15:21:55,sustainable construction materials,Concrete Fiber Market Set to Surge Amid Increasing Demand for Durable and Sustainable Construction Material...,https://www.whatech.com/og/markets-research/materials-chemicals/956147-concrete-fiber-market-set-to-surge-amid-increasing-demand-for-durable-and-sustainable-construction-materials.html,22 ชั่วโมงที่ผ่านมา
2025-05-14 15:21:55,sustainable construction materials,ICW Borneo paves the way for Asean's construction future,https://www.nst.com.my/news/nation/2025/05/1215547/icw-borneo-paves-way-aseans-construction-future,23 ชั่วโมงที่ผ่านมา
2025-05-14 15:21:55,sustainable construction materials,"Recycled Concrete Aggregates Market Size, Share, Demand And Growth Forecast by 2033",https://straitsresearch.com/report/recycled-concrete-aggregates-market,1 วันที่ผ่านมา
2025-05-14 15:22:02,construction materials demand,Concrete Fiber Market Set to Surge Amid Increasing Demand for Durable and Sustainable Construction Material...,https://www.whatech.com/og/markets-research/materials-chemicals/956147-concrete-fiber-market-set-to-surge-amid-increasing-demand-for-durable-and-sustainable-construction-materials.html,22 ชั่วโมงที่ผ่านมา
2025-05-14 15:22:02,construction materials demand,Redispersible Polymer Powder Market Demand Surges in Green Building Materials Sector,https://www.openpr.com/news/4012465/redispersible-polymer-powder-market-demand-surges-in-green,1 วันที่ผ่านมา
2025-05-14 15:22:02,construction materials demand,"Recycled Concrete Aggregates Market Size, Share, Demand And Growth Forecast by 2033",https://straitsresearch.com/report/recycled-concrete-aggregates-market,1 วันที่ผ่านมา
2025-05-14 15:22:02,construction materials demand,"[SMM survey] Will the production pace of building materials rolling lines be maintained when the ""inflection point"" of pig iron collides with the ""ebb tide"" of demand? | SMM",https://news.metal.com/newscontent/103322518/[SMM-survey]-Will-the-production-pace-of-building-materials-rolling-lines-be-maintained-when-the-%22inflection-point%22-of-pig-iron-collides-with-the-%22ebb-tide%22-of-demand,1 วันที่ผ่านมา
2025-05-14 15:22:02,construction materials demand,"Cement Price Hikes and Labor Shortages Prevail, Affecting Demand For Construction Material",http://www.msn.com/en-in/lifestyle/oscars/cement-price-hikes-and-labor-shortages-prevail-affecting-demand-for-construction-material/ar-AA1EbtE5?apiversion=v2&noservercache=1&domshim=1&renderwebcomponents=1&wcseo=1&batchservertelemetry=1&noservertelemetry=1,4 วันที่ผ่านมา
2025-05-14 15:22:02,construction materials demand,"[SMM Steel Morning Meeting Summary] Weak Balance of Supply and Demand, Coupled with Favorable Factors Yet to Be Realized, Short-Term Building Materials Market Maintains a Wait-and-See Attitude",https://news.metal.com/newscontent/103313041/[SMM-Steel-Morning-Meeting-Summary]-Weak-Balance-of-Supply-and-Demand-Coupled-with-Favorable-Factors-Yet-to-Be-Realized-Short-Term-Building-Materials-Market-Maintains-a-Wait-and-See-Attitude,6 วันที่ผ่านมา
2025-05-14 15:22:02,construction materials demand,4 key trends shaping consumer demand,https://hbsdealer.com/4-key-trends-shaping-consumer-demand,6 วันที่ผ่านมา
2025-05-14 15:22:02,construction materials demand,"[SMM Rebar Daily Review] Weak Balance of Supply and Demand Coupled with Favorable Factors to Be Realized, Construction Steel to Maintain a Wait-and-See Attitude in the Short Term | SMM",https://news.metal.com/newscontent/103312879/[SMM-Rebar-Daily-Review]-Weak-Balance-of-Supply-and-Demand-Coupled-with-Favorable-Factors-to-Be-Realized-Construction-Steel-to-Maintain-a-Wait-and-See-Attitude-in-the-Short-Term,6 วันที่ผ่านมา
2025-05-14 15:22:02,construction materials demand,Martin Marietta posts higher profit on strong demand for building materials,https://www.reuters.com/business/martin-marietta-posts-higher-profit-strong-demand-building-materials-2025-04-30/,2 สัปดาห์ที่แล้ว
2025-05-14 15:22:11,construction materials,Coromandel Chemicals Enters Joint Venture with Sakarni Plaster for Phospho Gypsum-Based Green Building...,https://www.thehansindia.com/business/coromandel-chemicals-enters-joint-venture-with-sakarni-plaster-for-phospho-gypsum-based-green-building-materials-971107,10 นาทีที่ผ่านมา
2025-05-14 15:22:11,construction materials,Construmat Showcases the Transformation of Construction Towards Sustainability,https://www.prnewswire.com/ae/news-releases/construmat-showcases-the-transformation-of-construction-towards-sustainability-302454436.html,22 นาทีที่ผ่านมา
2025-05-14 15:22:11,construction materials,Summit Materials (NYSE:SUM) Coverage Initiated at StockNews.com,https://www.defenseworld.net/2025/05/14/summit-materials-nysesum-coverage-initiated-at-stocknews-com-2.html,1 ชั่วโมงที่ผ่านมา
2025-05-14 15:22:11,construction materials,Millions of Recycled Bricks Set to Enter Production Following Industry Certification,https://www.sustainabletimes.co.uk/post/millions-of-recycled-bricks-set-to-enter-production-following-industry-certification,2 ชั่วโมงที่ผ่านมา
2025-05-14 15:22:11,construction materials,Asbestos-containing materials wash up on east Auckland beaches,https://www.1news.co.nz/2025/05/14/asbestos-containing-materials-wash-up-on-east-auckland-beaches/,3 ชั่วโมงที่ผ่านมา
2025-05-14 15:22:11,construction materials,"U.S. Municipal Building Construction Market Size, and Growth Report, 2032",https://www.psmarketresearch.com/market-analysis/us-municipal-building-construction-market,4 ชั่วโมงที่ผ่านมา
2025-05-14 15:22:11,construction materials,"Paver Blocks Market Size, Share | CAGR of 4.3%",https://market.us/report/paver-blocks-market/,4 ชั่วโมงที่ผ่านมา
2025-05-14 15:22:11,construction materials,"Volunteer-led rescue, rehab efforts ongoing in quake zones",https://www.gnlm.com.mm/volunteer-led-rescue-rehab-efforts-ongoing-in-quake-zones/,6 ชั่วโมงที่ผ่านมา
2025-05-14 15:22:11,construction materials,Sagaing Fair offers low-cost quake-resilient materials,https://www.gnlm.com.mm/sagaing-fair-offers-low-cost-quake-resilient-materials/,6 ชั่วโมงที่ผ่านมา
2025-05-14 15:22:11,construction materials,Asbestos-containing material washing up on some east Auckland beaches,https://ourauckland.aucklandcouncil.govt.nz/news/2025/05/asbestos-containing-material-washing-up-on-some-east-auckland-beaches/,11 ชั่วโมงที่ผ่านมา
2025-05-14 15:22:21,low carbon cement,"New York Metro Gains Access to 50,000 Tons of Low-Carbon Cement",https://www.forconstructionpros.com/concrete/equipment-products/concrete-materials/press-release/22940881/eco-material-technologies-new-york-metro-gains-access-to-50000-tons-of-lowcarbon-cement,16 ชั่วโมงที่ผ่านมา
2025-05-14 15:22:21,low carbon cement,Materrup and EOVEST in low-carbon construction partnership,https://www.cemnet.com/News/story/179148/materrup-and-eovest-in-low-carbon-construction-partnership.html,21 ชั่วโมงที่ผ่านมา
2025-05-14 15:22:21,low carbon cement,How the UK Cement Industry is Tackling its Carbon Problem,https://www.azobuild.com/news.aspx?newsID=23793,22 ชั่วโมงที่ผ่านมา
2025-05-14 15:22:21,low carbon cement,Australia reduces carbon emissions in cement industry with blended materials - CHOSUNBIZ,https://biz.chosun.com/en/en-realestate/2025/05/12/AGDSTEYI3FEQFCM7ZDUFS6BEEU/,2 วันที่ผ่านมา
2025-05-14 15:22:21,low carbon cement,SCG targets low-carbon cement with B1bn funding,https://www.msn.com/en-xl/news/other/scg-targets-low-carbon-cement-with-b1bn-funding/ar-AA1EssXu,2 วันที่ผ่านมา
2025-05-14 15:22:21,low carbon cement,Can Cement Go Green? Inside the Global Push for Low-Carbon Alternatives,https://www.azobuild.com/article.aspx?ArticleID=8735,4 วันที่ผ่านมา
2025-05-14 15:22:21,low carbon cement,World’s first Low Carbon Ratings system for Cement and Concrete launches,https://www.youtube.com/watch?v=bam0r2EOjWw,5 วันที่ผ่านมา
2025-05-14 15:22:21,low carbon cement,How construction is under pressure to decarbonise its cement more quickly,https://www.constructionbriefing.com/news/how-construction-is-under-pressure-to-decarbonise-its-cement-more-quickly/8056162.article,6 วันที่ผ่านมา
2025-05-14 15:22:21,low carbon cement,Invicta’s Next Step In Delivering Low Carbon Cement Alternatives,https://www.drycargomag.com/invictas-next-step-in-delivering-low-carbon-cement-alternatives,1 สัปดาห์ที่ผ่านมา
2025-05-14 15:22:32,green building materials,Coromandel Chemicals Enters Joint Venture with Sakarni Plaster for Phospho Gypsum-Based Green Building...,https://www.thehansindia.com/business/coromandel-chemicals-enters-joint-venture-with-sakarni-plaster-for-phospho-gypsum-based-green-building-materials-971107,10 นาทีที่ผ่านมา
2025-05-14 15:22:32,green building materials,Coromandel International and Sakarni Plaster Establish Joint Venture for Sustainable Building Materials,https://www.goodreturns.in/news/coromandel-international-joint-venture-sakarni-plaster-011-1428949.html,17 ชั่วโมงที่ผ่านมา
2025-05-14 15:22:32,green building materials,Coromandel International JV with Sakarni Plaster for Green Building Materials,https://money.rediff.com/news/market/coromandel-international-jv-with-sakarni-plaster-for-green-building-materials/26798020250513,17 ชั่วโมงที่ผ่านมา
2025-05-14 15:22:32,green building materials,Coromandel and Sakarni Forge New Path in Sustainable Building Materials,https://www.devdiscourse.com/article/business/3380467-coromandel-and-sakarni-forge-new-path-in-sustainable-building-materials,17 ชั่วโมงที่ผ่านมา
2025-05-14 15:22:32,green building materials,Redispersible Polymer Powder Market Demand Surges in Green Building Materials Sector,https://www.openpr.com/news/4012465/redispersible-polymer-powder-market-demand-surges-in-green,1 วันที่ผ่านมา
2025-05-14 15:22:32,green building materials,How a R.I. startup is turning seafood shell waste into furniture and building materials,https://www.bostonglobe.com/2025/05/12/metro/ri-providence-startup-seafood-waste-construction-materials/,1 วันที่ผ่านมา
2025-05-14 15:22:32,green building materials,"Sustainability, revisited: Emerging trends shaping design with Cosentino",https://www.architectureanddesign.com.au/editorial/sustainability/sustainability-revisited-emerging-trends-shaping-design-with-cosentino,5 วันที่ผ่านมา
2025-05-14 15:22:32,green building materials,"Green Building Materials Market to Reach USD 1,222 Billion by 2035, Driven by Sustainability and Innovation",https://northeast.newschannelnebraska.com/story/52750117/green-building-materials-market-to-reach-usd-1222-billion-by-2035-driven-by-sustainability-and-innovation,1 สัปดาห์ที่ผ่านมา
2025-05-14 15:22:32,green building materials,Viglacera showcases green building materials at Coverings 2025 in US,https://en.vietnamplus.vn/viglacera-showcases-green-building-materials-at-coverings-2025-in-us-post318561.vnp,1 สัปดาห์ที่ผ่านมา
2025-05-14 15:22:32,green building materials,Sustainable Construction Materials Market Report 2025-2034:,https://www.globenewswire.com/news-release/2025/05/01/3072635/28124/en/Sustainable-Construction-Materials-Market-Report-2025-2034-Bamboo-Emerges-as-214-3-Billion-Star-in-Sustainable-Construction-as-Builders-Seek-Fast-Growing-Low-Carbon-Alternatives.html,2 สัปดาห์ที่แล้ว
2025-05-14 15:22:44,construction material trends,Building Material Prices Show Mixed Trends In April Says DOSM,https://www.businesstoday.com.my/2025/05/11/building-material-prices-show-mixed-trends-in-april-says-dosm/,3 วันที่ผ่านมา
2025-05-14 15:22:44,construction material trends,Low-Carbon Construction Material Market Exclusive Trends Analysis with Forecast to 2034,https://www.openpr.com/news/3997501/low-carbon-construction-material-market-exclusive-trends,2 สัปดาห์ที่แล้ว
2025-05-14 15:22:44,construction material trends,Commercial Construction Industry Report 2025 - Global,https://www.globenewswire.com/news-release/2025/04/18/3064047/0/en/Commercial-Construction-Industry-Report-2025-Global-Industry-Size-Share-Trends-Opportunity-and-Forecast-2020-2030F-Rapid-Urbanization-Spurs-Demand-for-Commercial-Infrastructure-Inn.html,4 สัปดาห์ที่แล้ว
2025-05-14 15:22:44,construction material trends,Material Prices Continue to Drive Up Construction Costs,https://www.probuilder.com/business-management/market-data-trends/article/55282903/material-prices-continue-to-drive-up-construction-costs,1 เดือนที่ผ่านมา
2025-05-14 15:22:44,construction material trends,Building Insulation Material Market Size to Hit USD 41.75 Bn by 2034,https://www.precedenceresearch.com/building-insulation-material-market,1 เดือนที่ผ่านมา
2025-05-14 15:22:44,construction material trends,Clean the Sky - Zero-Emission Construction Materials,http://www.trendhunter.com/innovation/cambridge-electric-cement,1 เดือนที่ผ่านมา
2025-05-14 15:22:44,construction material trends,India's building materials sector experiencing hiring boom: Report,https://hr.economictimes.indiatimes.com/news/trends/indias-building-materials-sector-experiencing-hiring-boom-report/120099401,1 เดือนที่ผ่านมา
2025-05-14 15:22:44,construction material trends,Spaces4Learning 2025 Trends in K–12: Materials & Construction,https://spaces4learning.com/Articles/2025/04/01/S4L-2025-Trends-K12-Construction.aspx,1 เดือนที่ผ่านมา
2025-05-14 15:22:44,construction material trends,"Germany Construction Market Size, Trend Analysis by Sector, Competitive Landscape and Forecast to 2029 - Q1 2025 Update",https://www.globaldata.com/store/report/germany-construction-market-analysis/,1 เดือนที่ผ่านมา
2025-05-14 15:22:44,construction material trends,"Precast Construction Research Report 2025: Global Market Trends, Opportunities, and Forecasts, 2020-2030 Featuring CEMEX, LafargeHolcim, Skanska, CRH, Balfour Beatty, Boral, Tindall, and Olson",https://www.globenewswire.com/news-release/2025/03/12/3041596/0/en/Precast-Construction-Research-Report-2025-Global-Market-Trends-Opportunities-and-Forecasts-2020-2030-Featuring-CEMEX-LafargeHolcim-Skanska-CRH-Balfour-Beatty-Boral-Tindall-and-Olso.html,12 มี.ค. 2568
2025-05-14 15:22:52,challenges in construction materials,NORTHERN CONSTRUCTION: Lack of tradespeople a challenge for industry,https://www.nnsl.com/home/northern-construction-lack-of-tradespeople-a-challenge-for-industry-7968565,12 ชั่วโมงที่ผ่านมา
2025-05-14 15:22:52,challenges in construction materials,Supply chain evolution: exploring digital tools transforming construction materials procurement,https://www.pbctoday.co.uk/news/digital-construction-news/construction-software-news/supply-chain-evolution-exploring-digital-tools-transforming-construction-materials-procurement/151084/,1 วันที่ผ่านมา
2025-05-14 15:22:52,challenges in construction materials,Top 4 Building Product Stocks Overcoming Industry Challenges,https://sg.finance.yahoo.com/news/top-4-building-product-stocks-160700570.html,6 วันที่ผ่านมา
2025-05-14 15:22:52,challenges in construction materials,Navigating construction supply chain challenges in 2025 and beyond,https://www.pbctoday.co.uk/news/hr-skills-news/navigating-construction-supply-chain-challenges-in-2025-and-beyond/150895/,6 วันที่ผ่านมา
2025-05-14 15:22:52,challenges in construction materials,Weak start to 2025 for GB heavy-side building materials sales,https://agg-net.com/news/weak-start-to-2025-for-gb-heavy-side-building-materials-sales,1 สัปดาห์ที่ผ่านมา
2025-05-14 15:22:52,challenges in construction materials,Olea and Riverchain announce strategic partnership to address working capital challenges in construction industry,https://en.prnasia.com/releases/apac/olea-and-riverchain-announce-strategic-partnership-to-address-working-capital-challenges-in-construction-industry-487818.shtml,1 สัปดาห์ที่ผ่านมา
2025-05-14 15:22:52,challenges in construction materials,(PDF) Challenges of a Healthy Built Environment: Air Pollution in Construction Industry,https://www.researchgate.net/publication/354724055_Challenges_of_a_Healthy_Built_Environment_Air_Pollution_in_Construction_Industry,3 สัปดาห์ที่แล้ว
2025-05-14 15:22:52,challenges in construction materials,(PDF) Effects of Increase in the Cost of Building Materials on the Delivery of Affordable Housing in South Africa,https://www.researchgate.net/publication/349182051_Effects_of_Increase_in_the_Cost_of_Building_Materials_on_the_Delivery_of_Affordable_Housing_in_South_Africa,3 สัปดาห์ที่แล้ว
2025-05-14 15:22:52,challenges in construction materials,The growing challenge of controlling construction material costs,http://canada.constructconnect.com/dcn/news/economic/2025/04/the-growing-challenge-of-controlling-construction-material-costs,1 เดือนที่ผ่านมา
2025-05-14 15:22:52,challenges in construction materials,Architects step in with powerful solution after disaster displaces thousands: 'Recent ... events have further exacerbated housing issues',https://www.thecooldown.com/green-business/surf-block-hawaii-off-grid-sustainable-construction-material/,1 เดือนที่ผ่านมา
2025-05-14 15:23:01,building materials,Coromandel Chemicals Enters Joint Venture with Sakarni Plaster for Phospho Gypsum-Based Green Building...,https://www.thehansindia.com/business/coromandel-chemicals-enters-joint-venture-with-sakarni-plaster-for-phospho-gypsum-based-green-building-materials-971107,11 นาทีที่ผ่านมา
2025-05-14 15:23:01,building materials,Cement prices in Kyrgyzstan highest in Central Asia,https://24.kg/english/329016_Cement_prices_in_Kyrgyzstan_highest_in_Central_Asia/,1 ชั่วโมงที่ผ่านมา
2025-05-14 15:23:01,building materials,Doman Building Materials Group (OTCMKTS:CWXZF) Trading 1.2% Higher – Should You Buy?,https://www.defenseworld.net/2025/05/14/doman-building-materials-group-otcmktscwxzf-trading-1-2-higher-should-you-buy.html,2 ชั่วโมงที่ผ่านมา
2025-05-14 15:23:01,building materials,"Coromandel, Sakarni Plaster ink deal to make green gypsum at Vizag facility",https://www.business-standard.com/companies/news/coromandel-sakarni-plaster-deal-green-phospho-gypsum-vizag-andhra-pradesh-125051400456_1.html,2 ชั่วโมงที่ผ่านมา
2025-05-14 15:23:01,building materials,Millions of Recycled Bricks Set to Enter Production Following Industry Certification,https://www.sustainabletimes.co.uk/post/millions-of-recycled-bricks-set-to-enter-production-following-industry-certification,2 ชั่วโมงที่ผ่านมา
2025-05-14 15:23:01,building materials,James Hardie’s 2025 Modern Homes Forecast: Why Efficiency Is Now Essential,https://www.architectureanddesign.com.au/editorial/sustainability/james-hardies-2025-modern-homes-forecast-efficiency-essential,2 ชั่วโมงที่ผ่านมา
2025-05-14 15:23:01,building materials,Asbestos-containing materials wash up on east Auckland beaches,https://www.1news.co.nz/2025/05/14/asbestos-containing-materials-wash-up-on-east-auckland-beaches/,3 ชั่วโมงที่ผ่านมา
2025-05-14 15:23:01,building materials,"Paver Blocks Market Size, Share | CAGR of 4.3%",https://market.us/report/paver-blocks-market/,4 ชั่วโมงที่ผ่านมา
2025-05-14 15:23:01,building materials,Recruitment drive to showcase opportunities in multi-billion-pound sector,https://www.dorsetecho.co.uk/news/25160154.recruitment-drive-launched-building-materials-sector/,4 ชั่วโมงที่ผ่านมา
2025-05-14 15:23:01,building materials,Sagaing Fair offers low-cost quake-resilient materials,https://www.gnlm.com.mm/sagaing-fair-offers-low-cost-quake-resilient-materials/,6 ชั่วโมงที่ผ่านมา
2025-05-14 15:23:08,zero waste construction,"A Literature Review on Lessons, Challenges, and Beneﬁts",https://www.researchgate.net/publication/357306793_Circular_Economy_of_Construction_and_Demolition_Waste_A_Literature_Review_on_Lessons_Challenges_and_Benefits,2 สัปดาห์ที่แล้ว
2025-05-14 15:23:08,zero waste construction,Zero Waste Case Study: Austin | US EPA,https://www.epa.gov/transforming-waste-tool/case-study-austin,1 เดือนที่ผ่านมา
2025-05-14 15:23:08,zero waste construction,The power of collaboration: building Zero Waste Cities in Ukraine,https://zerowasteeurope.eu/2025/04/the-power-of-collaboration-building-zero-waste-cities-in-ukraine/,1 เดือนที่ผ่านมา
2025-05-14 15:23:08,zero waste construction,Ferrovial obtains Zero Waste certification,https://newsroom.ferrovial.com/en/press-releases/ferrovial-obtains-zero-waste-certification/,1 เดือนที่ผ่านมา
2025-05-14 15:23:08,zero waste construction,Waste Statistics and Overall Recycling,https://www.nea.gov.sg/our-services/waste-management/waste-statistics-and-overall-recycling,13 มี.ค. 2568
2025-05-14 15:23:08,zero waste construction,Building This Gorgeous Home Created Zero Waste!,https://thebetterindia.com/video/building-this-gorgeous-home-created-zero-waste/,11 ก.พ. 2568
2025-05-14 15:23:08,zero waste construction,Zero-Waste Concrete Construction? EarthWorks Offers a Cost-Effective Solution,https://www.azobuild.com/news.aspx?newsID=23702,4 ก.พ. 2568
2025-05-14 15:23:08,zero waste construction,Zero-Waste Exhibitions: How Museums Can Minimise Environmental Impact,https://www.museumnext.com/article/zero-waste-exhibitions-how-museums-can-minimise-environmental-impact/,1 ก.พ. 2568
2025-05-14 15:23:08,zero waste construction,Study Explores Construction Waste Management and Economic Benefits,https://www.azobuild.com/news.aspx?newsID=23697,29 ม.ค. 2568
2025-05-14 15:23:08,zero waste construction,Method development and empirical research in examining the construction of China's “Zero-waste Cities”,https://www.sciencedirect.com/science/article/abs/pii/S0048969723059727,30 ธ.ค. 2567
2025-05-14 15:23:16,Alternative construction materials,"GFRP Rebars Market Set for Robust Growth by 2031: Key Trends, Innovations, and Future Prospects In New Report",https://www.whatech.com/og/markets-research/transport/955946-gfrp-rebars-market-set-for-robust-growth-by-2031-key-trends-innovations-and-future-prospects.html,1 วันที่ผ่านมา
2025-05-14 15:23:16,Alternative construction materials,Finding Sustainable Alternatives to Traditional Building Materials,https://www.technologynetworks.com/applied-sciences/blog/finding-sustainable-alternatives-to-traditional-building-materials-399448,3 วันที่ผ่านมา
2025-05-14 15:23:16,Alternative construction materials,How bamboo is redefining sustainable construction in Kenya,https://nation.africa/kenya/business/sustainable-construction-with-bamboo--5032016,6 วันที่ผ่านมา
2025-05-14 15:23:16,Alternative construction materials,Sustainable Innovations in Hospitality Construction,https://theinscribermag.com/sustainable-innovations-in-hospitality-construction/,6 วันที่ผ่านมา
2025-05-14 15:23:16,Alternative construction materials,Sustainable Construction Materials Market Report 2025-2034:,https://www.globenewswire.com/news-release/2025/05/01/3072635/0/en/Sustainable-Construction-Materials-Market-Report-2025-2034-Bamboo-Emerges-as-214-3-Billion-Star-in-Sustainable-Construction-as-Builders-Seek-Fast-Growing-Low-Carbon-Alternatives.html,2 สัปดาห์ที่แล้ว
2025-05-14 15:23:16,Alternative construction materials,Tata BlueScope Steel Launches PRISMA®: A Game-Changer in Sustainable Construction Materials,https://chemindigest.com/tata-bluescope-steel-launches-prisma-a-game-changer-in-sustainable-construction-materials/,2 สัปดาห์ที่แล้ว
2025-05-14 15:23:16,Alternative construction materials,A Review Using the Concept of Life-Cycle Assessment in the,https://www.researchgate.net/publication/352739447_Application_of_Plastic_Wastes_in_Construction_Materials_A_Review_Using_the_Concept_of_Life-Cycle_Assessment_in_the_Context_of_Recent_Research_for_Future_Perspectives,2 สัปดาห์ที่แล้ว
2025-05-14 15:23:16,Alternative construction materials,School made from sugarcane waste signals a new era in sustainable construction,https://www.thebrighterside.news/post/school-made-from-sugarcane-waste-signals-a-new-era-in-sustainable-construction/,2 สัปดาห์ที่แล้ว
2025-05-14 15:23:16,Alternative construction materials,"From walls to insulation, nature-grown materials are reshaping how we build.",https://www.labiotech.eu/in-depth/biomaterials-building-industry-sustainable/,4 สัปดาห์ที่แล้ว
2025-05-14 15:23:16,Alternative construction materials,Engineered Biomaterial with Living Cells Offers Sustainable Construction Potential,https://www.azobuild.com/news.aspx?newsID=23773,4 สัปดาห์ที่แล้ว
2025-05-14 15:23:24,eco-friendly construction materials,Coromandel Chemicals Enters Joint Venture with Sakarni Plaster for Phospho Gypsum-Based Green Building...,https://www.thehansindia.com/business/coromandel-chemicals-enters-joint-venture-with-sakarni-plaster-for-phospho-gypsum-based-green-building-materials-971107,11 นาทีที่ผ่านมา
2025-05-14 15:23:24,eco-friendly construction materials,"Coromandel, Sakarni Plaster ink deal to make green gypsum at Vizag facility",https://www.business-standard.com/companies/news/coromandel-sakarni-plaster-deal-green-phospho-gypsum-vizag-andhra-pradesh-125051400456_1.html,2 ชั่วโมงที่ผ่านมา
2025-05-14 15:23:24,eco-friendly construction materials,Hyundai E&C partners with JH Global to apply eco-friendly playground materials,https://biz.chosun.com/en/en-realestate/2025/05/14/5GYSPAFEXNDN5AUQGKCXX5SWDA/,8 ชั่วโมงที่ผ่านมา
2025-05-14 15:23:24,eco-friendly construction materials,Coromandel International and Sakarni Plaster Establish Joint Venture for Sustainable Building Materials,https://www.goodreturns.in/news/coromandel-international-joint-venture-sakarni-plaster-011-1428949.html,17 ชั่วโมงที่ผ่านมา
2025-05-14 15:23:24,eco-friendly construction materials,Coromandel International JV with Sakarni Plaster for Green Building Materials,https://money.rediff.com/news/market/coromandel-international-jv-with-sakarni-plaster-for-green-building-materials/26798020250513,17 ชั่วโมงที่ผ่านมา
2025-05-14 15:23:24,eco-friendly construction materials,"Lightweight Aggregates (Expanded Clay, Fly Ash, Pumice,",https://www.globenewswire.com/news-release/2025/05/13/3080340/0/en/Lightweight-Aggregates-Expanded-Clay-Fly-Ash-Pumice-Diatomite-Perlite-Market-Global-Forecast-to-2030-with-Arcosa-Boral-Industries-CEMEX-Leca-and-Stalite-Lightweight-Aggregate-Leadi.html,17 ชั่วโมงที่ผ่านมา
2025-05-14 15:23:24,eco-friendly construction materials,"Recycled Concrete Aggregates Market Size, Share, Demand And Growth Forecast by 2033",https://straitsresearch.com/report/recycled-concrete-aggregates-market,1 วันที่ผ่านมา
2025-05-14 15:23:24,eco-friendly construction materials,Finding Sustainable Alternatives to Traditional Building Materials,https://www.technologynetworks.com/applied-sciences/blog/finding-sustainable-alternatives-to-traditional-building-materials-399448,3 วันที่ผ่านมา
2025-05-14 15:23:24,eco-friendly construction materials,Press Release,https://www.me.go.kr/eng/web/board/read.do;jsessionid=XfyNjkuJdiU2LxXLfl3KStyl.mehome1?pagerOffset=1120&maxPageItems=10&maxIndexPages=10&searchKey=&searchValue=&menuId=461&orgCd=&boardMasterId=522&boardCategoryId=&boardId=500&decorator=,4 วันที่ผ่านมา
2025-05-14 15:23:24,eco-friendly construction materials,How bamboo is redefining sustainable construction in Kenya,https://nation.africa/kenya/business/sustainable-construction-with-bamboo--5032016,6 วันที่ผ่านมา
